1,https://www.theverge.com/21539047/best-amazon-kindle-deals,Here are the best Kindle deals right now,Brandon Widder,2022/09/01
2,https://www.theverge.com/2022/9/1/23332329/disney-prime-membership-program-being-explored,Disney is exploring a ‘Disney Prime’ membership program ,James Vincent,2022/09/01
3,https://www.theverge.com/2022/9/1/23331803/eve-homekit-android-app-smart-light-switch-matter,Eve gets an Android app and launches a Thread version of its smart switch ,Jennifer Pattison Tuohy,2022/09/01
4,https://www.theverge.com/2022/9/1/23330456/ring-intercom-smart-doorbell-apartment-price-specs,Ring’s latest gadget makes your apartment intercom smart,Jennifer Pattison Tuohy,2022/09/01
5,https://www.theverge.com/2022/9/1/23330916/signify-philips-hue-play-lightstrips-monitor-gaming-smart-home-ifa-2022,Philips Hue is leveling up with lighting strips for your monitor,Alice Newcome-Beill,2022/09/01
6,https://www.theverge.com/2022/9/1/23331387/philips-hue-announces-new-lightguide-bulbs-smartthings-music-sync,Philips Hue’s new Lightguide bulbs have landed,Jennifer Pattison Tuohy,2022/09/01
7,https://www.theverge.com/2022/9/1/23331266/sony-xperia-5-mark-iv-price-cameras-screen-specs,The Sony Xperia 5 IV puts powerful features in all three rear cameras,Allison Johnson,2022/09/01
8,https://www.theverge.com/2022/9/1/23331027/kobo-clara-2e-e-reader-waterproof-recycled-plastic,Kobo announces a new waterproof Kobo Clara 2E to compete with the Kindle Paperwhite,Sheena Vasani,2022/09/01
9,https://www.theverge.com/2022/9/1/23331619/lenovo-thinkpad-x1-fold-gen-2-announced-features-specs-price,Lenovo’s second-gen X1 Fold could be the game-changer the first one wasn’t,Monica Chin,2022/09/01
10,https://www.theverge.com/2022/8/31/23331493/arm-qualcomm-nuvia-lawsuit-architecture-license-servers-desktops,Qualcomm’s server and laptop ambitions may be in trouble,Mitchell Clark,2022/08/31
11,https://www.theverge.com/2022/8/31/23330808/roomster-ftc-lawsuit-app-store-google-play-fake-reviews,Roomster sued by the FTC and six state AGs for fake listings and fake app store reviews,Jasmine Hicks,2022/08/31
12,https://www.theverge.com/2022/8/31/23330952/apple-iphone-14-pro-single-notch-rumor,The iPhone 14 Pro may have one pill-shaped notch when turned on,Monica Chin,2022/08/31
13,https://www.theverge.com/2022/8/31/23331342/meta-plans-paid-features-facebook-instagram-whatsapp,Meta is planning more paid features for Facebook and Instagram,Alex Heath,2022/08/31
14,https://www.theverge.com/2022/8/31/23330865/lg-styler-shoecase-shoecare-sneaker-shelf-cleaner-ifa,LG’s fancy new shoeboxes pamper your sneakers,Umar Shakir,2022/08/31
15,https://www.theverge.com/21443994/ios-14-app-library-iphone-organize-how-to,How to use iOS’s App Library to organize your apps,Barbara Krasnoff,2022/08/31
16,https://www.theverge.com/23330512/best-labor-day-sales-2022-tech-deals-macbook-laptops-earbuds-smart-home-tablets,The best Labor Day deals happening now,Antonio G. Di Benedetto,2022/08/31
17,https://www.theverge.com/23331294/mark-zuckerberg-metaverse-bet-facebook-meta-horizons-leaked-audio,Inside Mark Zuckerberg’s biggest bet,Alex Heath,2022/08/31
18,https://www.theverge.com/2022/8/31/23330877/samsung-oled-gaming-monitor-odyssey-g8-quantum-dot,Samsung’s first OLED gaming monitor doesn’t need a PC or console attached,Mitchell Clark,2022/08/31
19,https://www.theverge.com/2022/8/31/23330961/chinese-tech-giant-netease-quantic-dream-detroit-become-human-developer,Chinese tech giant buys Detroit: Become Human developer Quantic Dream,Emma Roth,2022/08/31
20,https://www.theverge.com/2022/8/31/23331104/apple-iphone-5s-6-plus-ios-12-5-6-update-security,"If you have an iPhone 5S or 6, it’s time for a rare iOS update",Mitchell Clark,2022/08/31
21,https://www.theverge.com/2022/8/31/23327122/south-carolina-rejects-nrlc-model-legislation-abortion-law-internet-ban-speech,A South Carolina plan to punish abortion aid sites is going nowhere,Adi Robertson,2022/08/31
22,https://www.theverge.com/2022/8/31/23330758/etsy-strike-boycott-indie-sellers-guild-union-fee-increase,Etsy sellers are starting a ‘union’ to fight policies they say hurt merchants,Mia Sato,2022/08/31
23,https://www.theverge.com/2022/8/31/23330537/ev-battery-mineral-shortage-us-tax-credits,The shift to electric vehicles is about to overwhelm meager US mining operations,Andrew J. Hawkins,2022/08/31
24,https://www.theverge.com/2022/8/31/23329133/t-mobile-app-network-pass-easy-switch-esim,T-Mobile will let you try its network free for three months,Allison Johnson,2022/08/31
25,https://www.theverge.com/2022/8/31/23330521/la-nina-rare-triple-dip-world-meteorological-organization-forecast-extreme-weather,Get ready for a rare ‘triple-dip’ La Niña,Justine Calma,2022/08/31
26,https://www.theverge.com/2022/8/31/23330379/nvidia-broadcast-virtual-green-screen-obs-studio-support,Nvidia Broadcast support will make virtual green screens easier in OBS Studio,Jess Weatherbed,2022/08/31
27,https://www.theverge.com/2022/8/31/23323224/apple-watch-pro-wearable-smartwatch-battery,What the Apple Watch Pro needs to succeed,Victoria Song,2022/08/31
28,https://www.theverge.com/2022/8/31/23330392/xbox-360-games-with-gold-portal-2-last-game,Portal 2 is the last free Xbox 360 Games with Gold title,Tom Warren,2022/08/31
29,https://www.theverge.com/2022/8/31/23330370/lg-oled-flex-tv-bendable-ifa-2022,LG’s first bendable OLED TV lets you pick between flat or curved modes,Tom Warren,2022/08/31
30,https://www.theverge.com/2022/8/30/23329998/nasa-artemis-rocket-launch-second-attempt-date-time,NASA moves next Artemis I rocket launch attempt to September 3rd,Andrew J. Hawkins,2022/08/31
31,https://www.theverge.com/2022/8/30/23329219/samsung-tv-plus-adds-more-free-channels-content-fast-streaming,Samsung adds more free channels and content to its TV Plus lineup,Emma Roth,2022/08/30
32,https://www.theverge.com/2022/8/30/23329610/royal-caribbean-spacex-starlink-cruise-ships-celebrity-silversea,Royal Caribbean is putting SpaceX’s Starlink on its cruise ships,Mitchell Clark,2022/08/30
33,https://www.theverge.com/2022/8/30/23329583/snaps-chief-business-officer-is-leaving-to-run-ads-at-netflix,Snap’s chief business officer is leaving to run ads at Netflix,Alex Heath,2022/08/30
34,https://www.theverge.com/2022/8/30/23329295/apple-arcade-tom-hanks-trivia-hanx-writer-101,Apple Arcade’s latest exclusive is... a Tom Hanks passion project?,Mitchell Clark,2022/08/30
35,https://www.theverge.com/2022/8/30/23329301/snap-layoffs-20-percent-employees-snapchat,Snap plans to lay off 20 percent of employees,Alex Heath,2022/08/30
36,https://www.theverge.com/2022/8/30/23329075/virginia-judge-dismisses-gender-queer-obscenity-minors-case-aclu,Virginia judge shuts down demand to ban book sales to minors,Adi Robertson,2022/08/30
37,https://www.theverge.com/2022/8/30/23329245/truth-social-donald-trump-google-play-store-dwac-spac,Truth Social is strapped for cash and struggling to find new users,Makena Kelly,2022/08/30
38,https://www.theverge.com/2022/8/30/23328970/logitech-g502-x-lightspeed-plus-gaming-mouse-mice-optical-buttons-usb-c,Logitech’s new G502 X gaming mice have clicky optical buttons,Umar Shakir,2022/08/30
39,https://www.theverge.com/good-deals/2022/8/30/23327362/sony-wh-1000xm5-headphones-xbox-series-s-google-pixel-phone-samsung-watch-earbuds-deal-sale,The Sony WH-1000XM5 headphones just got their first discount at Woot,Alice Newcome-Beill,2022/08/30
40,https://www.theverge.com/2022/8/30/23328977/google-open-source-bug-bounty-supply-chain-hacks-dependencies,Google’s open-source bug bounty aims to clamp down on supply chain attacks,Mitchell Clark,2022/08/30
41,https://www.theverge.com/2022/8/30/23329080/covid-test-free-white-house-website,This is the last week to get free rapid COVID-19 tests from the US government,Nicole Wetsman,2022/08/30
42,https://www.theverge.com/2022/8/30/23329134/elon-musk-twitter-lawsuit-delay-whistleblower-testimony,Elon Musk pushes to delay the Twitter trial while citing whistleblower’s testimony,Richard Lawler,2022/08/30
43,https://www.theverge.com/2022/8/30/23329032/cyberpunk-edgerunners-anime-netflix-release-date,Netflix’s Cyberpunk: Edgerunners anime gets September release date in new trailer,Andrew Webster,2022/08/30
44,https://www.theverge.com/2022/8/30/23329021/instagram-explore-page-not-interested-flag-posts,Instagram is testing more ways to flag posts you’re not interested in,Mia Sato,2022/08/30
45,https://www.theverge.com/2022/8/30/23328720/energy-department-feedback-lithium-ion-battery-recycling,The Department of Energy wants feedback on how to recycle lithium-ion batteries,Justine Calma,2022/08/30
46,https://www.theverge.com/2022/8/30/23328728/cox-mobile-communications-launch,Cox is getting into the mobile industry — again,Jasmine Hicks,2022/08/30
47,https://www.theverge.com/23328768/record-voice-notes-iphone-how-to,How to quickly record voice notes on your iPhone,Sheena Vasani,2022/08/30
48,https://www.theverge.com/2022/8/30/23327525/twitter-zatko-whistleblower-insider-threat-free-expression,The security flaws that make Twitter’s insider threat so scary,Corin Faife,2022/08/30
49,https://www.theverge.com/2022/8/30/23326789/ifa-2022-tech-news-updates-highlights-products-berlin,IFA 2022: all the news from Berlin’s big tech show,,2022/08/30
50,https://www.theverge.com/2022/8/30/23328836/tesla-phantom-braking-problem-class-action-lawsuit,Tesla slapped with class action lawsuit over phantom braking problem,Andrew J. Hawkins,2022/08/30
51,https://www.theverge.com/23328543/netflix-holiday-2022-movie-lineup-enola-holmes-knives-out,Netflix’s holiday movie lineup is led by Enola Holmes and Knives Out sequels,Andrew Webster,2022/08/30
52,https://www.theverge.com/2022/8/30/23328582/jbl-touchscreen-tour-pro-2-charging-case-one-m2-features,JBL’s new earbud charging case has a touchscreen so you can ditch the phone,Jess Weatherbed,2022/08/30
53,https://www.theverge.com/2022/8/30/23323398/jbl-2022-soundbar-lineup-bar-1000-800-500-300-dolby-atmos,JBL launches more soundbars with detachable rear speakers,Umar Shakir,2022/08/30
54,https://www.theverge.com/2022/8/30/23327515/uber-safety-toolkit-911-text-adt-agent,"Uber overhauls app safety features, including a new way to text 911",Andrew J. Hawkins,2022/08/30
55,https://www.theverge.com/23312108/angry-miao-cyberblade-anc-earbuds-am-hatsu-mechanical-keyboards-arthouse-design-tech,The wild keyboard and headphone designs of Angry Miao,Antonio G. Di Benedetto,2022/08/30
56,https://www.theverge.com/2022/8/30/23328514/starlink-outage-degraded-performance,Starlink suffered a global outage overnight,Thomas Ricker,2022/08/30
57,https://www.theverge.com/2022/8/30/23328499/elon-musk-twitter-deal-termination-letter-whistleblower-testimony-mudge-zatko,Elon Musk says whistleblower’s testimony gives him more reasons to dump Twitter deal,James Vincent,2022/08/30
58,https://www.theverge.com/2022/8/30/23328478/amd-rdna-3-gpu-ryzen-7000-cpu-announcement-livestream,AMD teases RDNA 3 GPUs as it sets a release date for Ryzen 7000 CPUs,Jess Weatherbed,2022/08/30
59,https://www.theverge.com/2022/8/30/23328484/sony-playstation-5-lighter-model-australia,Sony makes the PS5 lighter just as the price goes up,Tom Warren,2022/08/30
60,https://www.theverge.com/2022/8/30/23328442/france-ai-swimming-pool-tax-aerial-photos,French government uses AI to spot undeclared swimming pools — and tax them,James Vincent,2022/08/30
61,https://www.theverge.com/2022/8/30/23328440/logitech-g-gaming-handheld-google-play-cloud-gaming,Logitech’s cloud gaming handheld leaks with Android apps and Switch-like UI,Tom Warren,2022/08/30
62,https://www.theverge.com/2022/8/29/23327128/nft-instagram-facebook-meta-blockchain-wallet-opensea,Meta links Instagram’s NFT posts to Facebook as the market for ‘digital collectibles’ tanks,Mitchell Clark,2022/08/30
63,https://www.theverge.com/2022/8/29/23327765/tesla-nlrb-ruling-union-busting-black-shirt-policy,"Tesla can’t stop employees from wearing union swag, labor board rules",Umar Shakir,2022/08/29
64,https://www.theverge.com/2022/8/29/23327570/samsung-z-fold-4-passes-durability-tests-long-term-jerryrigeverything,"Samsung’s Z Fold 4 passes durability tests, but how will it hold up long term?",Emma Roth,2022/08/29
65,https://www.theverge.com/2022/8/29/23327566/google-docs-add-emoji-shortcut,Google’s making it easier to add emoji in Docs,Mitchell Clark,2022/08/29
66,https://www.theverge.com/2022/8/29/23321571/hp-business-965-4k-webcam-ai-follow-sony-starvis,HP’s new 4K business webcam uses AI to keep your whole team in the frame,Umar Shakir,2022/08/29
67,https://www.theverge.com/2022/8/29/23327527/amazon-android-days-google-pixel-6a-sale-price-oneplus-motorola,Amazon is doing something called ‘Android Days’ with a great price on the Pixel 6A ,Allison Johnson,2022/08/29
68,https://www.theverge.com/2022/8/29/23327614/biden-marijuana-cannabis-weed-decriminalization-john-fetterman-labor-day-pennsylvania,Biden faces growing pressure to legalize weed,Makena Kelly,2022/08/29
69,https://www.theverge.com/2022/8/29/23327158/iphone-14-satellite-capabilities-carrier-agreement-negotiations,An iPhone 14 satellite link could depend on Apple cutting a deal with wireless carriers,Mitchell Clark,2022/08/29
70,https://www.theverge.com/23326842/facebook-instagram-edit-post-how-to,"How to edit, delete, and restore a Facebook post",Barbara Krasnoff,2022/08/29
71,https://www.theverge.com/2022/8/29/23327404/instagram-reels-sound-export-tiktok-bug-fix,Instagram fixes sound issue that hindered TikTok exports,Kaitlin Hatton,2022/08/29
72,https://www.theverge.com/tech/2022/8/29/23327121/android-12l-based-update-galaxy-tab-s8-one-ui-4-1-1,The Samsung Galaxy Tab S8 should be improved with new Android 12L update,Emma Roth,2022/08/29
73,https://www.theverge.com/2022/8/29/23326839/apple-watch-pro-rumors-band-compatibility-wearables,You might not be able to use older straps with the Apple Watch Pro,Victoria Song,2022/08/29
74,https://www.theverge.com/2022/8/29/23327237/nasa-artemis-sls-orion-rocket-scrub-next-launch,NASA ‘not ready to give up’ after engine issue delays Artemis I rocket launch,Andrew J. Hawkins,2022/08/29
75,https://www.theverge.com/good-deals/2022/8/29/23324116/apple-macbook-pro-bose-frames-tempo-jabra-elite-deal-sale,Apple’s 14-inch and 16-inch MacBook Pros have hit a new all-time low price,Sheena Vasani,2022/08/29
76,https://www.theverge.com/2022/8/28/23325916/tickets-movie-theaters-cost-3-dollars-national-cinema-day,Movie tickets at many theaters will cost just $3 on National Cinema Day,Emma Roth,2022/08/28
77,https://www.theverge.com/2022/8/28/23326041/apple-trademark-filings-reality-branding-virtual-ar-vr-mixed-headset,Trademark filings point to ‘Reality’ branding for Apple’s mixed reality headset,Emma Roth,2022/08/28
78,https://www.theverge.com/22630435/laptop-bag-messenger-backpack-tote-favorite,The Verge staff talk about their favorite backpacks and other bags,Verge Staff,2022/08/28
79,https://www.theverge.com/2022/8/28/23325680/nichelle-nichols-star-trek-ashes-space-vulcan-centaur-celestis,Nichelle Nichols’ ashes will voyage to space aboard a Vulcan rocket,Emma Roth,2022/08/28
80,https://www.theverge.com/2022/8/28/23325575/google-meet-stealing-zoom-trick-easily-unmute-push-to-talk,Google Meet is stealing Zoom’s trick to easily unmute,Emma Roth,2022/08/28
81,https://www.theverge.com/23323597/switchbot-lock-review-smart-door-lock,SwitchBot Lock review: a tiny robot hand that unlocks your door ,Jennifer Pattison Tuohy,2022/08/28
82,https://www.theverge.com/2022/8/27/23324830/netflix-resident-evil-canceled-after-season-one,Netflix’s Resident Evil has already been canceled,Emma Roth,2022/08/27
83,https://www.theverge.com/2022/8/27/23324128/t-mobile-spacex-satellite-to-phone-technology-ast-lynk-industry-reactions-apple,"Satellite-to-phone companies are thrilled about SpaceX and T-Mobile, actually",Mitchell Clark,2022/08/27
84,https://www.theverge.com/2022/8/27/23324515/netflix-gamertags-game-handles-mobile-gaming-community,Netflix is working on gamertags,Emma Roth,2022/08/27
85,https://www.theverge.com/2022/8/27/23324635/google-cross-device-android-apps-sdk-windows-ios-phones-tablets,Google opens the door for Android apps that work across all kinds of devices,Emma Roth,2022/08/27
86,https://www.theverge.com/2022/8/27/23324623/microsoft-xbox-game-pass-friends-family-subscription-leak,Xbox Game Pass ‘Friends & Family’ leak suggests you can share with friends,Tom Warren,2022/08/27
87,https://www.theverge.com/2022/8/27/23318116/nasa-artemis-i-sls-megarocket-launch-orion-how-to-watch,How to watch NASA’s Artemis I SLS megarocket launch,Emma Roth,2022/08/27
88,https://www.theverge.com/good-deals/2022/8/27/23323122/apple-ipad-ninth-generation-tablet-beats-flex-wireless-earbuds-fully-jarvis-desk-deal-sale,Apple’s base iPad is $20 cheaper than the previous low price,Cameron Faulkner,2022/08/27
89,https://www.theverge.com/phone-review,Asus Zenfone 9 review: one for the small phone superfans,Allison Johnson,2022/08/27
90,https://www.theverge.com/2022/8/27/23323305/hbo-max-warner-bros-discovery-david-zaslav-real-housewife-of-hbo-max,"HBO Max and Warner Bros. Discovery seem to be on fire, and that’s on purpose",Alex Cranz,2022/08/27
91,https://www.theverge.com/2022/8/26/23324187/mark-zuckerberg-sheryl-sandberg-cambridge-analytica-meta-facebook,Mark Zuckerberg and Sheryl Sandberg won’t be deposed over the Cambridge Analytica scandal,Richard Lawler,2022/08/27
92,https://www.theverge.com/2022/8/26/23324142/netflix-is-getting-ads-price-streaming-tv-movies,Netflix’s ad-supported tier could cost between $7 and $9 per month,Jay Peters,2022/08/26
93,https://www.theverge.com/2022/8/26/23323975/meta-vp-horizon-social-vr-vivek-sharma-leaving,Meta’s VP of Horizon is leaving the company,Jay Peters,2022/08/26
94,https://www.theverge.com/2022/8/26/23323737/twitter-shopping-features-leaked-memo-content-moderation,"Twitter shopping features could lead to ‘individual or societal harm,’ according to leaked memo",Mia Sato,2022/08/26
95,https://www.theverge.com/2022/8/26/23323772/nasa-space-launch-system-sls-news-date-orion-artemis,NASA’s Space Launch System: everything to know about the big launch,,2022/08/26
96,https://www.theverge.com/2022/8/26/23323894/bandcamp-fridays-coming-back-september-2022-music-psa,PSA: Bandcamp Fridays are coming back,Mitchell Clark,2022/08/26
97,https://www.theverge.com/2022/8/26/23323738/lastpass-security-incident-source-code,LastPass confirms attackers stole some source code,Mitchell Clark,2022/08/26
98,https://www.theverge.com/2022/8/26/23323126/warner-bros-discovery-dan-lin-dc-films,Looks like Warner Bros. Discovery’s DC film franchise might have found its new leader,Charles Pulliam-Moore,2022/08/26
99,https://www.theverge.com/2022/8/26/23323631/apple-antitrust-lawsuit-department-of-justice-case,Feds are thinking about an antitrust case against Apple,Russell Brandom,2022/08/26
100,https://www.theverge.com/2022/8/26/23323665/joe-biden-dark-brandon-student-loan-forgiveness-republicans-midterm-elections,Democrats are getting comfortable clowning on Republicans online,Makena Kelly,2022/08/26
101,https://www.theverge.com/2022/8/26/23323082/moderna-lawsuit-pfizer-mrna-vaccine-patent,Moderna is suing Pfizer over its coronavirus vaccine,Nicole Wetsman,2022/08/26
102,https://www.theverge.com/2022/8/26/23322956/lg-ultragear-45gr95qe-240hz-oled-ultrawide-gaming-monitor,LG’s latest OLED monitor has a super-quick 240Hz refresh rate,Jon Porter,2022/08/26
103,https://www.theverge.com/2022/8/26/23319398/duolingo-math-app-beta-launch-duocon-2022,Duolingo has math now (and it’s kind of hard),Monica Chin,2022/08/26
104,https://www.theverge.com/2022/8/25/23322757/tesla-connectivity-lte-5g-starlink-t-mobile,Elon Musk says Tesla cars will connect to Starlink’s new cellular-broadcasting satellites,Richard Lawler,2022/08/26
105,https://www.theverge.com/2022/8/25/23320722/spacex-starlink-t-mobile-satellite-internet-mobile-messaging,T-Mobile and SpaceX Starlink say your 5G phone will connect to satellites next year,Mitchell Clark,2022/08/26
106,https://www.theverge.com/2022/8/25/23322516/valve-steam-deck-long-term-vision-digital-book-ebook-booklet,The new Steam Deck ebook lays out Valve’s long-term vision,Jay Peters,2022/08/26
107,https://www.theverge.com/2022/8/25/23322141/instagram-sensitive-content-default-settings-teens,Instagram tightens default content settings for teens,Jasmine Hicks,2022/08/25
108,https://www.theverge.com/21250695/best-laptops,The best laptop you can buy in 2022,Monica Chin,2022/08/25
109,https://www.theverge.com/2022/8/25/23322214/us-government-propaganda-campaign-twitter-facebook,Researchers caught a pro-US campaign spreading propaganda on social media,Mitchell Clark,2022/08/25
110,https://www.theverge.com/2022/8/25/23322166/apple-iphone-14-pro-notch-patent-leaks,New patent may reveal how Apple could pull off a no-notch iPhone 14 Pro,Jay Peters,2022/08/25
111,https://www.theverge.com/2022/8/25/23321978/iphone-14-pixel-6a-phone-screen-size-6-1-inches,It’s settled: 6.1 inches is the ideal smartphone screen size,Allison Johnson,2022/08/25
112,https://www.theverge.com/2019/11/4/18514843/google-chromebook-os-how-to-app-customize,The best Chromebook for 2022,Monica Chin,2022/08/25
113,https://www.theverge.com/2022/8/25/23322234/twitter-v-elon-musk-discovery-mdau-bot-data,Judge rejects Elon Musk’s ‘absurdly broad’ data requests,Richard Lawler,2022/08/25
114,https://www.theverge.com/23321673/quest-2-meta-account-facebook-how-to-switch,How to switch your Quest from a Facebook account to a Meta account,Mitchell Clark,2022/08/25
115,https://www.theverge.com/22652565/best-cheap-laptops,The best budget laptop of 2022,Monica Chin,2022/08/25
116,https://www.theverge.com/2022/8/25/23322159/mark-zuckerberg-joe-rogan-meta-quest-cambria-headset-launch-date-october,Mark Zuckerberg confirms new Meta VR headset will launch in October,Adi Robertson,2022/08/25
117,https://www.theverge.com/2022/8/25/23322086/ford-mustang-mach-e-price-increase-2023,"Ford hikes the price for the 2023 Mustang Mach-E by as much as $8,000",Andrew J. Hawkins,2022/08/25
118,https://www.theverge.com/2022/8/25/23322025/abortion-providers-google-search-maps-label,Google Maps and search will label health clinics that provide abortions ,Nicole Wetsman,2022/08/25
119,https://www.theverge.com/2022/8/25/23321302/honor-70-uk-release-date-price-specs-details-cameras-solo-cut-mode,Honor 70 arrives in the UK on September 2nd for £480,Jon Porter,2022/08/25
120,https://www.theverge.com/2022/8/25/23322036/harvestella-nintendo-treehouse-live-square-enix-rpg-stardew-valley,Harvestella turns Stardew Valley into a Square Enix RPG,Jay Peters,2022/08/25
121,https://www.theverge.com/2022/8/25/23321884/meta-customer-support-service-oversight-board,"After 18 years, Meta’s finally building Facebook a customer service division  ",Mitchell Clark,2022/08/25
122,https://www.theverge.com/2022/8/25/23204606/plant-based-steak-juicy-marbles-filet-mignon-vegetarian-perspective,Juicy Marbles’ filet mignon is good plant-based meat but not great steak ,Mitchell Clark,2022/08/25
123,https://www.theverge.com/2022/8/25/23321488/peloton-q4-earnings-barry-mccarthy-fitness,Peloton CEO thinks losing $1.2 billion is a sign of ‘substantial progress’,Victoria Song,2022/08/25
124,https://www.theverge.com/23313040/summer-hot-wireless-earbuds-cool-hack,Hear me out: chill your earbuds before you wear them,Cameron Faulkner,2022/08/25
125,https://www.theverge.com/2022/8/25/23321940/twitter-podcast-spaces-spotify-apple,Twitter is becoming a podcast app,Ariel Shapiro,2022/08/25
126,https://www.theverge.com/2022/8/25/23321395/fortnite-charlie-puth-metaverse-concert-iheartland,iHeartRadio is trying out a Fortnite ‘metaverse’ concert arena ,Jess Weatherbed,2022/08/25
127,https://www.theverge.com/2022/8/25/23321422/microsoft-flight-simulator-helicopters-gliders-40th-anniversary-edition,Microsoft Flight Simulator’s helicopters and gliders arrive on November 11th,Tom Warren,2022/08/25
128,https://www.theverge.com/good-deals/2022/8/25/23319841/google-nest-wifi-mesh-router-eero-6-plus-earbuds-lenovo-legion-5i-gaming-laptop-deal-sale,Google’s Nest Wifi mesh router bundles are up to $150 off right now,Sheena Vasani,2022/08/25
129,https://www.theverge.com/2022/8/25/23318691/walmart-in-home-delivery-myq-garage-door-openers,Walmart can now put your groceries in your garage with a myQ smart garage door opener,Jennifer Pattison Tuohy,2022/08/25
130,https://www.theverge.com/2022/8/25/23317932/moviepass-waitlist-price-movie-subscription,You can now sign up for whatever the new MoviePass is going to be,David Pierce,2022/08/25
131,https://www.theverge.com/2022/8/25/23311957/dji-avata-fpv-drone-goggles-2-price-release-date-preview,The new DJI Avata let me swoop and soar like no beginner drone I’ve used before,Sean Hollister,2022/08/25
132,https://www.theverge.com/2022/8/25/23318759/duckduckgo-email-protection-service-available-everyone-open-beta,Anyone can sign up for DuckDuckGo’s privacy-protecting @duck.com email address,Emma Roth,2022/08/25
133,https://www.theverge.com/23319245/hp-dragonfly-folio-g3-convertible-business-laptop-mic-specs-price,The HP Dragonfly Folio G3 is the most fun I’ve had with a laptop this year,Monica Chin,2022/08/25
134,https://www.theverge.com/2022/8/25/23321379/corsair-xeneon-flex-45wqhd240-flexible-woled-curved-flat-ultrawide-monitor-1440p,Corsair’s new gaming monitor bends into a curved display,Jon Porter,2022/08/25
135,https://www.theverge.com/2022/8/25/23321341/twitter-peiter-mudge-zatko-congress-testify-whistleblower-security,Twitter whistleblower to testify in Congress over damning security revelations,Jon Porter,2022/08/25
136,https://www.theverge.com/2022/8/25/23321312/ethereum-merge-date-start-september-6-bellatrix-upgrade,Ethereum’s long-awaited proof-of-stake transition set to start on September 6th ,James Vincent,2022/08/25
137,https://www.theverge.com/2022/8/25/23321307/nvidia-next-gen-gpu-architecture-rtx-40-series-gtc-2022,Nvidia to announce next-gen GPU architecture in September amid RTX 4090 rumors,Tom Warren,2022/08/25
138,https://www.theverge.com/2022/8/25/23321301/sony-ps5-price-increase-europe-uk-japan-china-australia-mexico-canada,"Sony hikes price of PS5 in Europe, Japan, and more",Tom Warren,2022/08/25
139,https://www.theverge.com/2022/8/25/23321262/starlink-discount-price-drop,Starlink lowers monthly internet prices by 50 percent for some,Thomas Ricker,2022/08/25
140,https://www.theverge.com/tldr/2022/8/24/23320873/iphone-ios-16-find-my-alert-sounds-changed-siri-carplay,My iPhone is calling to me with a different voice,Mitchell Clark,2022/08/25
141,https://www.theverge.com/2022/8/24/23320915/masahiro-sakurai-youtube-channel-creating-games,Masahiro Sakurai might already be my favorite YouTuber,Jay Peters,2022/08/25
142,https://www.theverge.com/2022/8/24/23320567/wordle-word-game-new-york-times-crossword-app,Wordle snags a place inside the New York Times Crossword app,Jasmine Hicks,2022/08/24
143,https://www.theverge.com/2022/8/24/23320014/google-play-games-beta-korea-australia-hong-kong-taiwan-thailand,Google Play Games beta opens outside the US ,Alice Newcome-Beill,2022/08/24
144,https://www.theverge.com/2022/8/24/23320795/valve-steam-mobile-app-new-redesign-ios-android-beta,"Steam’s new mobile app looks way, way better",Jay Peters,2022/08/24
145,https://www.theverge.com/2022/8/24/23320768/amazon-care-shut-down-virtual-care-telehealth,Amazon will shut down Amazon Care on December 31st,Nicole Wetsman,2022/08/24
146,https://www.theverge.com/2022/8/24/23320758/nvidia-gpu-supply-demand-inventory-q2-2022,Nvidia says it built too many GPUs — expect sales while it works on something ‘new’,Sean Hollister,2022/08/24
147,https://www.theverge.com/2022/8/24/23320338/nbc-shows-peacock-next-day-streaming-law-and-order-snl-hulu-september,Next-day streaming of NBC shows like Law & Order and SNL jumps from Hulu to Peacock next month,Emma Roth,2022/08/24
148,https://www.theverge.com/2022/8/24/23316748/steam-deck-shipping-production-reservation-q3-q4,Your Steam Deck might be coming by the end of September instead of Q4,Sean Hollister,2022/08/24
149,https://www.theverge.com/2022/8/24/23320461/twitter-mdau-mudge-zatko-elon-musk-discovery,There’s a wonky number at the core of Elon Musk’s case against Twitter,Elizabeth Lopatto,2022/08/24
150,https://www.theverge.com/23320306/whatsapp-india-messaging-business-privacy-land-of-the-giants,How India runs on WhatsApp,Alex Heath,2022/08/24
151,https://www.theverge.com/2022/8/24/23320133/spacex-starlink-t-mobile-connectivity-5g-satellite-elon-musk,SpaceX and T-Mobile’s August 25th event could blend Starlink satellite internet and 5G,Richard Lawler,2022/08/24
152,https://www.theverge.com/2022/8/24/23319884/pqube-games-a-space-for-the-unbound-mojiken-studio,Indonesian developer accuses one of Guilty Gear’s publishers of exploitation,Ash Parrish,2022/08/24
153,https://www.theverge.com/2022/8/24/23319690/hyperx-armada-25-27-gaming-monitor-arm-desk-mount-specs-gsync-features,HyperX is now in the monitor game,Cameron Faulkner,2022/08/24
154,https://www.theverge.com/2022/8/24/23310522/apple-iphone-14-event-announcement-date-time-september-2022,Apple’s iPhone 14 launch event is happening September 7th,Jay Peters,2022/08/24
155,https://www.theverge.com/good-deals/2022/8/24/23318047/google-pixel-buds-a-series-game-pass-resident-evil-bundle-deal-sale,Google’s entry-level Pixel Buds A-Series wireless earbuds are a nice bargain at $69,Antonio G. Di Benedetto,2022/08/24
156,https://www.theverge.com/2022/8/24/23319728/peloton-bike-guide-amazon-connected-fitness,"Now Peloton is selling its Bike on Amazon, complete with free delivery and assembly ",Victoria Song,2022/08/24
157,https://www.theverge.com/2022/8/24/23319258/samsung-990-pro-ssd-speeds-heatsink-ps5,Samsung’s new flagship SSDs are even more overkill for your PS5,Mitchell Clark,2022/08/24
158,https://www.theverge.com/2022/8/24/23319885/elon-musk-twitter-bot-sec-review-mdau-whistleblower-mudge,The SEC asked Twitter to explain its user metrics after Elon Musk complained,Russell Brandom,2022/08/24
159,https://www.theverge.com/2022/8/24/23319794/ev-price-increase-used-cars-analysis-iseecars,EV prices are going in the wrong direction ,Andrew J. Hawkins,2022/08/24
160,https://www.theverge.com/2022/8/24/23319829/the-last-of-us-part-1-launch-trailer-naughty-dog-ps5,Check out The Last of Us Part 1 remake’s launch trailer,Ash Parrish,2022/08/24
161,https://www.theverge.com/2022/8/24/23319779/psychedelics-mushrooms-alcoholism-treatment,Psychedelics help people with alcoholism drink less  ,Nicole Wetsman,2022/08/24
162,https://www.theverge.com/2022/8/24/23319687/global-droughts-reveal-artifacts-ancient-history-dinosaur-tracks,"Devastating global droughts are revealing warships, dino footprints, and ancient megaliths",Jess Weatherbed,2022/08/24
163,https://www.theverge.com/23319758/stream-deck-tips-tricks-podcast,Technology needs more buttons — and that’s why we love the Stream Deck,David Pierce,2022/08/24
164,https://www.theverge.com/2022/8/24/23318664/happy-ring-smart-ring-wearables-mental-health,This smart mood ring is supposed to monitor mental health — without changing colors,Victoria Song,2022/08/24
165,https://www.theverge.com/2022/8/24/23309837/splatoon-3-hands-on-campaign-turf-war-salmon-run-online,"Splatoon 3 puts online play, fashion, and hair front and center",Cameron Faulkner,2022/08/24
166,https://www.theverge.com/2022/8/24/23318377/splatoon-3-shiver-gender-deep-cut-nonbinary-female-inclusivity-nintendo,Nintendo says Splatoon 3’s Shiver isn’t nonbinary,Cameron Faulkner,2022/08/24
167,https://www.theverge.com/2022/8/24/23318381/fitbit-versa-4-sense-2-inspire-3-price-features,Fitbit’s Sense 2 amps up stress tracking,Victoria Song,2022/08/24
168,https://www.theverge.com/2022/8/24/23319642/microsoft-windows-8-missing-startup-sound,Windows 8’s missing startup sound has been hiding in plain sight,Tom Warren,2022/08/24
169,https://www.theverge.com/2022/8/24/23319608/blackberry-film-production-wrapped-glenn-howerton,Dennis from It’s Always Sunny is starring in a film about the rise and fall of BlackBerry,James Vincent,2022/08/24
170,https://www.theverge.com/2022/8/24/23319565/samsung-odyssey-g70b-g65b-gaming-monitors-hub-cloud-gaming,"Samsung’s new gaming monitors include easy access to Xbox Cloud Gaming, Stadia, and more",Tom Warren,2022/08/24
171,https://www.theverge.com/2022/8/24/23319570/plex-security-breach-exposes-usernames-emails-passwords,"Plex breach exposes usernames, emails, and encrypted passwords",Jess Weatherbed,2022/08/24
172,https://www.theverge.com/2022/8/24/23319552/facebook-bug-celebrity-spam-memes-carnage,A Facebook bug spammed celebrity comments to everyone for hours,Jon Porter,2022/08/24
173,https://www.theverge.com/2022/8/23/23318956/acer-chromebook-vero-514-eco-conscious-laptop-recycling,Acer’s Vero 514 brings its ‘eco-conscious’ concept to a Chromebook,Mitchell Clark,2022/08/24
174,https://www.theverge.com/2022/8/23/23318294/avatar-original-2009-theaters-september-the-way-of-water,Avatar is returning to theaters but disappearing from Disney Plus,Mitchell Clark,2022/08/23
175,https://www.theverge.com/2022/8/23/23318869/gamescom-2022-trailers-announcements-opening-night-live,The best (and worst) of Opening Night Live,Ash Parrish,2022/08/23
176,https://www.theverge.com/2022/8/23/23318067/cleveland-state-university-online-proctoring-decision-room-scan,"University can’t scan students’ rooms during remote tests, judge rules",Monica Chin,2022/08/23
177,https://www.theverge.com/2022/8/23/23318217/sonic-frontiers-release-date-story-trailer-sega,Sonic Frontiers arrives November 8th,Ash Parrish,2022/08/23
178,https://www.theverge.com/2022/8/23/23318597/gearbox-new-tales-from-the-borderlands-release-date,Gearbox’s New Tales from the Borderlands launches in October,Jay Peters,2022/08/23
179,https://www.theverge.com/2022/8/23/23318498/return-to-monkey-island-release-date-pc-steam-nintendo-switch,Return to Monkey Island will be released on International Talk Like a Pirate Day,Jay Peters,2022/08/23
180,https://www.theverge.com/23317665/windows-11-narrator-screen-reader-how-to-start-keyboard-accessibility,How to use the Windows 11 screen reader,Monica Chin,2022/08/23
181,https://www.theverge.com/2022/8/23/23318564/sony-dualsense-edge-wireless-controller-features,Sony’s new DualSense Edge Wireless Controller takes on the Xbox Elite,Tom Warren,2022/08/23
182,https://www.theverge.com/2022/8/23/23318374/google-pixel-6a-durability-test-tensor-android,The Pixel 6A’s durability is apparently a match for its capable hardware and software,Allison Johnson,2022/08/23
183,https://www.theverge.com/2022/8/23/23318437/ipados-16-delay-release-after-ios-stage-manager,"iPadOS 16 is ‘on its own schedule,’ shipping after iOS 16 this year",Mitchell Clark,2022/08/23
184,https://www.theverge.com/2022/8/23/23318359/meta-quest-vr-account-login-facebook-oculus,Quest VR owners have new Meta logins to use instead of Facebook,Jay Peters,2022/08/23
185,https://www.theverge.com/2022/8/23/23318098/gandalf-rings-of-power-trailer,"That’s Gandalf, right?",Nathan Edwards,2022/08/23
186,https://www.theverge.com/2022/8/23/23318186/fitbit-versa-sense-buttons-teaser-rumor-announcement,Fitbit’s smartwatch event tomorrow will bring back buttons,Umar Shakir,2022/08/23
187,https://www.theverge.com/2022/8/23/23318281/catan-tilt-five-ar-settlers-board-game-augmented-reality,The Settlers of Catan will become a holographic AR board game in early 2023,Sean Hollister,2022/08/23
188,https://www.theverge.com/2022/8/23/23318305/youtube-podcast-npr-spotify-meghan-markle-prince-harry-archewell,YouTube is the most-used podcasting platform,Ariel Shapiro,2022/08/23
189,https://www.theverge.com/2022/8/23/23318360/yelp-abortion-roe-wade-crisis-pregnancy-center-listing,Yelp will flag crisis pregnancy centers listings to avoid misleading abortion seekers,Makena Kelly,2022/08/23
190,https://www.theverge.com/2022/8/23/23317830/heads-up-gaming-app-is-coming-to-netflix,Heads Up! — the popular gaming app is coming to Netflix,Jess Weatherbed,2022/08/23
191,https://www.theverge.com/2022/8/23/23318157/chamberlain-myq-home-bridge-hub-discontinued-homekit,Chamberlain discontinues its HomeKit hub for myQ garage door controllers,Jennifer Pattison Tuohy,2022/08/23
192,https://www.theverge.com/2022/8/23/23318045/jupiter-images-jwst-great-red-spot-nasa,Jupiter is glowing in new pictures from NASA’s James Webb Space Telescope,Nicole Wetsman,2022/08/23
193,https://www.theverge.com/2022/8/23/23317849/destiny-2-fortnite-skins-crossover-fall-guys-bungie-epic-games-store,"Destiny 2’s Fortnite crossover is official and includes skins, maps, and more",Tom Warren,2022/08/23
194,https://www.theverge.com/2022/8/23/23318206/super-smash-bros-ultimate-creator-masahiro-sakurai-daily-twitter-screenshots,Smash Bros. creator Masahiro Sakurai has finished posting daily Ultimate screenshots,Jay Peters,2022/08/23
195,https://www.theverge.com/2022/8/23/23317944/destiny-2-epic-games-store-release-free-dlc,Destiny 2 arrives on Epic Games Store with free 30th Anniversary pack,Tom Warren,2022/08/23
196,https://www.theverge.com/2022/8/23/23318139/lg-aero-furniture-air-purifier-puricare-objet-collection,"Is it a table? Is it a lamp? Yes, and it’s also LG’s latest air purifier",Jess Weatherbed,2022/08/23
197,https://www.theverge.com/2022/8/23/23317872/destiny-2-lightfall-bungie-strand-subclass-content-release-date,Destiny 2: Lightfall is a battle of light vs. dark in a cyberpunk world,Tom Warren,2022/08/23
198,https://www.theverge.com/2022/8/23/23318076/sony-ps5-bundle-horizon-forbidden-west-console-restock-check-walmart-plus,Walmart is restocking PS5 bundles for its paid subscribers at 3PM ET today,Antonio G. Di Benedetto,2022/08/23
199,https://www.theverge.com/23317682/advertising-wieden-kennedy-ceo-neal-arthur-interview-decoder,Advertising is everywhere — Wieden+Kennedy CEO Neal Arthur explains how it works,Nilay Patel,2022/08/23
200,https://www.theverge.com/2022/8/23/23318053/binance-comms-crypto-chief-deepfake-scam-claim-patrick-hillmann,Binance executive claims scammers made a deepfake of him,James Vincent,2022/08/23
201,https://www.theverge.com/2022/8/23/23317108/steelseries-arctis-nova-wireless-7-3-1-price-features-gaming-headset-wireless,SteelSeries’ new Nova 7 Wireless actually costs less than the Xbox Series S,Cameron Faulkner,2022/08/23
202,https://www.theverge.com/2022/8/23/23317835/youtube-tv-four-channels-live-streams-simultaneously-shorts-smart-tv-music,YouTube TV update will reportedly let you watch four channels at once,Jon Porter,2022/08/23
203,https://www.theverge.com/2022/8/23/23317795/microsoft-windows-11-2022-update-naming,Microsoft might finally simplify its Windows 11 update names,Tom Warren,2022/08/23
204,https://www.theverge.com/2022/8/23/23317802/instagram-ig-candid-prototype-bereal-murder-clone,Instagram is prototyping a BeReal murder clone,Jon Porter,2022/08/23
205,https://www.theverge.com/2022/8/22/23317502/xiaolang-zhang-pleads-guilty-trade-secret-theft-xpeng-self-driving-car,Engineer admits he stole trade secrets while working on the Apple Car,Mitchell Clark,2022/08/23
206,https://www.theverge.com/2022/8/22/23317209/amazon-ac-ewr9-warehouse-worker-death-osha-investigations,Amazon is fixing the AC at a warehouse where a worker died on Prime Day,Mitchell Clark,2022/08/23
207,https://www.theverge.com/hbo/2022/8/22/23317333/hbo-max-house-of-the-dragon-game-of-thrones-biggest-premiere-ever,"HBO calls House of the Dragon its biggest premiere ever, with nearly 10 million US viewers",Richard Lawler,2022/08/22
208,https://www.theverge.com/2022/8/22/23317342/sony-playstation-ps-vr2-release-date-early-2023,Sony says the PlayStation VR2 is coming in early 2023,Mitchell Clark,2022/08/22
209,https://www.theverge.com/2022/8/22/23317285/star-wars-knights-of-the-old-republic-kotor-remake-developer-saber-interactive-aspyr-media-ps5-pc,The Star Wars: Knights of the Old Republic remake has a new developer,Jay Peters,2022/08/22
210,https://www.theverge.com/2022/8/22/23316481/apple-m2-macbook-pro-14-16-release-q4,Apple’s M2-powered 14- and 16-inch MacBook Pros could arrive early next year,Monica Chin,2022/08/22
211,https://www.theverge.com/tech/2022/8/22/23317182/intel-chip-plant-ohio-workers,"Intel needs 7,000 workers to build its $20 billion chip plant in Ohio",Emma Roth,2022/08/22
212,https://www.theverge.com/2022/8/22/23310138/knife-throwing-machine,Watch this laser-guided knife throwing machine nail 10 in a row,Sean Hollister,2022/08/22
213,https://www.theverge.com/2022/8/22/23317067/amazon-alexa-google-assistant-smart-home-back-to-school-routines,Make your back-to-school routine better with these smart home tricks,Jennifer Pattison Tuohy,2022/08/22
214,https://www.theverge.com/2022/8/22/23316958/ebay-tcgplayer-acquiring-trading-card-games-collectibles,"eBay is acquiring TCGplayer, one of the largest trading card marketplaces ",Mia Sato,2022/08/22
215,https://www.theverge.com/2022/8/22/23310581/sony-playstation-5-ps5-restock-public-queue-console-availability-inventory-check,The PlayStation 5 is available right now through Sony,Sheena Vasani,2022/08/22
216,https://www.theverge.com/2022/8/22/23316962/france-ebike-car-trade-subsidy-climate-change,"France is giving €4,000 to people who trade in their car for an e-bike ",Andrew J. Hawkins,2022/08/22
217,https://www.theverge.com/2022/8/22/23316723/nft-copyright-galaxy-report-crypto-ip-rights-licensing-ownership,"NFT copyright is still a total mess, says report",Adi Robertson,2022/08/22
218,https://www.theverge.com/23308003/image-search-free-legal-use-how-to-wikimedia-creative-commons,How to search for images you can (legally) use for free,Emma Roth,2022/08/22
219,https://www.theverge.com/2022/8/22/23316875/google-tv-performance-improvements-storage-free-up-space,Google admits its Google TV software is too slow,Mitchell Clark,2022/08/22
220,https://www.theverge.com/2022/8/22/23316259/apple-laptop-self-service-diy-repair-m1-macbook-air-pro,Apple’s DIY self-repair program expands to cover fixing M1 MacBooks,Emma Roth,2022/08/22
221,https://www.theverge.com/23316946/samsung-galaxy-z-flip-cover-screen-widgets-clock-options-always-on-display,How to use the cover screen on the Samsung Galaxy Z Flip,Allison Johnson,2022/08/22
222,https://www.theverge.com/2022/8/22/23316685/samsung-55-inch-curved-odyssey-ark-4k-gaming-pc-monitor-preorder-promotion-gift-card,Samsung’s massive 55-inch curved Odyssey Ark is open for preorders,Cameron Faulkner,2022/08/22
223,https://www.theverge.com/2022/8/22/23316907/youtube-podcast-page-spotify-apple,YouTube launches a dedicated page for podcasts,Ariel Shapiro,2022/08/22
224,https://www.theverge.com/2022/8/22/23316711/the-game-awards-date-geoff-keighley-december-8,The Game Awards sets a date: December 8th,Ash Parrish,2022/08/22
225,https://www.theverge.com/2022/8/22/23316860/bitcoin-ethereum-cryptocurrency-blake-masters-arizona-mark-kelly-senate-election,Blake Masters’ Bitcoin investments tanked in 2022,Makena Kelly,2022/08/22
226,https://www.theverge.com/2022/8/22/23316140/video-game-movies-days-gone-comix-zone,Obscure video game movies could flood the industry following Sonic’s success,Jess Weatherbed,2022/08/22
227,https://www.theverge.com/2022/8/22/23316128/meta-end-to-end-encryption-messenger-child-safety-priti-patel-uk-home-secretary-grotesuqe-betrayal,"Encrypting Messenger could be a ‘grotesque betrayal,’ says top UK politician",James Vincent,2022/08/22
228,https://www.theverge.com/2022/8/22/23316109/the-rehearsal-nathan-fielder-hbo-second-season-announced,Nathan Fielder’s The Rehearsal is getting a second season,Jon Porter,2022/08/22
229,https://www.theverge.com/2022/8/21/23315908/the-last-of-us-hbo-sony-streaming-teaser,Our first glimpse of HBO’s The Last of Us TV show is here,Richard Lawler,2022/08/22
230,https://www.theverge.com/2022/8/21/23315873/hbo-max-down-fire-stick-house-of-the-dragon,"House of the Dragon premiere crashes HBO Max streaming, mostly on Fire Sticks",Richard Lawler,2022/08/22
231,https://www.theverge.com/2022/8/21/23315513/google-photos-csam-scanning-account-deletion-investigation,Google AI flagged parents’ accounts for potential abuse over nude photos of their sick kids,Emma Roth,2022/08/22
232,https://www.theverge.com/2022/8/21/23315404/netflix-ad-supported-tier-some-commercial-free-content,Netflix’s ad-supported tier may have some commercial-free content,Emma Roth,2022/08/21
233,https://www.theverge.com/2022/8/21/23315270/tesla-full-self-driving-fsd-feature-price-increase-electric-vehicle-elon-musk,Tesla’s Full-Self Driving software is going up in price again,Emma Roth,2022/08/21
234,https://www.theverge.com/2022/8/21/23315156/youtuber-ray-mona-uncovered-lost-footage-american-saban-sailor-moon-pilot,A YouTuber just uncovered lost footage of the American Sailor Moon,Emma Roth,2022/08/21
235,https://www.theverge.com/2022/8/21/23314871/destiny-2-fortnite-skins-crossover-rumors-bungie-event,Destiny 2 and Fortnite crossover leaked ahead of Bungie event,Tom Warren,2022/08/21
236,https://www.theverge.com/2022/8/20/23314401/ftx-money-isnt-insured-fdic-sam-bankman-fried-crypto-cease-and-desist,"FTX’s money isn’t insured, FDIC says",Emma Roth,2022/08/20
237,https://www.theverge.com/2022/8/20/23314257/doordash-walmart-groceries-end-partnership-deliveries,DoorDash won’t deliver Walmart’s groceries starting next month,Emma Roth,2022/08/20
238,https://www.theverge.com/2022/8/20/23314117/youtube-tesla-removes-video-full-self-driving-beta-real-kids,YouTube removes video that tests Tesla’s Full Self-Driving beta against real kids,Emma Roth,2022/08/20
239,https://www.theverge.com/2022/8/20/23313295/bereal-instagram-app-curation-change,Stop using BeReal like Instagram,Monica Chin,2022/08/20
240,https://www.theverge.com/2022/8/20/23311283/philips-hue-tap-dial-switch-review,Hue’s new smart switch is for the superusers,Jennifer Pattison Tuohy,2022/08/20
241,https://www.theverge.com/good-deals/2022/8/20/23312878/sony-wh-1000xm4-headphones-wf-1000xm4-earbuds-wireless-anc-samsung-galaxy-buds-pro-arlo-deal-sale,Sony’s wireless WH-1000XM4 headphones and WF-1000XM4 earbuds are up to $100 off today,Antonio G. Di Benedetto,2022/08/20
242,https://www.theverge.com/2022/8/20/23308217/lego-brick-computer-james-brown,"Please, Lego, let this engineer bring your computer brick to life",Sean Hollister,2022/08/20
243,https://www.theverge.com/23311786/samsung-galaxy-z-flip-4-camera-flex-mode-selfie-quick-shot,The Galaxy Z Flip 4 is my favorite camera to shoot with right now,Allison Johnson,2022/08/20
244,https://www.theverge.com/2022/8/19/23313757/twitter-phone-number-verified-label-bots-privacy-security,Twitter tests a special tag to highlight phone number-verified accounts,Richard Lawler,2022/08/20
245,https://www.theverge.com/2022/8/19/23313469/mark-zuckerberg-horizon-worlds-screenshot-memes-response-upgrades,Mark Zuckerberg has responded to the metaverse memes,Mitchell Clark,2022/08/19
246,https://www.theverge.com/2022/8/19/23311792/karma-delorean-lawsuit-ev-trade-secret-theft,EV startup Karma would like DeLorean to go back in time and not steal its trade secrets,Andrew J. Hawkins,2022/08/19
247,https://www.theverge.com/2022/8/19/23313356/hbo-max-sesame-street-removed-infinity-train-summer-camp-island,HBO Max drops 200 Sesame Street episodes from its catalog,Jay Peters,2022/08/19
248,https://www.theverge.com/2022/8/19/23313335/fitbit-sense-2-versa-4-google-wallet,Fitbit Pay’s days might be numbered,Victoria Song,2022/08/19
249,https://www.theverge.com/2022/8/19/23313103/wayfair-870-layoffs-boston-retail-furniture-home,"Wayfair lays off 870 people, about 5 percent of its global workforce",Jasmine Hicks,2022/08/19
250,https://www.theverge.com/2022/8/19/23312917/pokemon-worlds-2022-what-to-watch-this-weekend-esports-flame-fatales,What to watch this weekend (if you like Pokémon),Ash Parrish,2022/08/19
251,https://www.theverge.com/2022/8/19/23312949/ps5-console-restock-playstation-5,The PlayStation 5 is almost easy to buy,Cameron Faulkner,2022/08/19
252,https://www.theverge.com/2022/8/19/23312913/worldwide-bicycle-commute-netherlands-climate-change,"To fight climate change, we need to start biking like the Dutch",Justine Calma,2022/08/19
253,https://www.theverge.com/good-deals/22876408/best-gaming-headset-deals-sales,The best gaming headset deals you can get right now,Alice Newcome-Beill,2022/08/19
254,https://www.theverge.com/2022/8/19/23312871/dan-price-gravity-payments-ethical-tech-ceo-abuse,"Go read this report about Dan Price, the ‘ethical’ tech CEO accused of predatory behavior by a dozen women",Mia Sato,2022/08/19
255,https://www.theverge.com/2022/8/19/23312891/medidation-apps-user-data-headspace-calm,Meditation apps also experienced a post-pandemic falloff,Nicole Wetsman,2022/08/19
256,https://www.theverge.com/2022/8/19/23313010/google-timer-stopwatch-search-back,"Google brought back the timer, and it’s about time",Jay Peters,2022/08/19
257,https://www.theverge.com/2022/8/19/23312964/the-sandman-netflix-bonus-episode-released,Are we dreaming? The Sandman just released a two-part bonus episode,Jess Weatherbed,2022/08/19
258,https://www.theverge.com/23312859/amazon-alexa-echo-routine-smart-speaker-how-to,How to create an Alexa Routine ,Jennifer Pattison Tuohy,2022/08/19
259,https://www.theverge.com/23312192/samsung-galaxy-buds-2-pro-review,Samsung’s Galaxy Buds 2 Pro are its best earbuds yet,Chris Welch,2022/08/19
260,https://www.theverge.com/2022/8/19/23312885/android-13-samsung-galaxy-z-fold-4-watch-5-tiktok-instagram-competition-vergecast-podcast,"Vergecast: Android 13 arrives, Galaxy Watch 5 review, and Instagram gets competitive ",Andrew Marino,2022/08/19
261,https://www.theverge.com/23311271/samsung-galaxy-watch-5-bixby-google-assistant-how-to,How to reprogram the Samsung Galaxy Watch 5’s buttons,Victoria Song,2022/08/19
262,https://www.theverge.com/good-deals/2022/8/19/23311387/amazon-fire-tv-stick-4k-max-echo-buds-hbo-streaming-ring-alarm-pro-deal-sale,Amazon’s Fire TV Stick 4K Max is nearly matching its Prime Day pricing,Sheena Vasani,2022/08/19
263,https://www.theverge.com/23312790/loot-dom-hofmann-nft-project-developer-community,How a viral NFT project survived the crypto crash,Casey Newton,2022/08/19
264,https://www.theverge.com/23312037/samsung-galaxy-z-flip-4-review-price-specs-screen-camera-battery,Samsung Galaxy Z Flip 4 review: almost there,Allison Johnson,2022/08/19
265,https://www.theverge.com/2022/8/19/23312785/elon-musk-manchester-united-wyoming-tweet,Elon Musk says a lot of wild things — and somehow we have to believe him,David Pierce,2022/08/19
266,https://www.theverge.com/23311972/jetpack-joyride-2-apple-arcade-review,Jetpack Joyride 2 is worth an Apple Arcade subscription on its own,Jay Peters,2022/08/19
267,https://www.theverge.com/2022/8/19/23311503/death-stranding-microsoft-pc-game-pass-release,Death Stranding arrives on Microsoft’s PC Game Pass service next week,Tom Warren,2022/08/19
268,https://www.theverge.com/2022/8/19/23311658/house-of-the-dragon-game-of-thrones-review,House of the Dragon is a grim remix of an already gruesome song you’ve heard before,Charles Pulliam-Moore,2022/08/19
269,https://www.theverge.com/2022/8/19/23312700/otter-transcription-service-free-paid-plans-september-27-changes-features,Transcription service Otter is making free users pay to access older recordings,James Vincent,2022/08/19
270,https://www.theverge.com/2022/8/19/23312697/lenovo-framework-laptop-power-button-trademark-infringement,"O no, Lenovo doesn’t like Framework’s circular power button",Jon Porter,2022/08/19
271,https://www.theverge.com/2022/8/18/23312255/iphone-ios-macos-security-update-15-6-1,I am once again asking you to update your Apple devices,Mitchell Clark,2022/08/18
272,https://www.theverge.com/good-deals/23161948/apple-macbook-hp-lenovo-dell-acer-asus-deal-sale,The best laptop deals you can get right now,Sheena Vasani,2022/08/18
273,https://www.theverge.com/2022/8/18/23311815/heres-what-embracer-group-can-and-cant-do-with-lord-of-the-rings,Here’s what Embracer Group can (and can’t) do with Lord of the Rings,Ash Parrish,2022/08/18
274,https://www.theverge.com/2022/8/18/23311752/pfas-forever-chemicals-clean-up-destruction-research,A new way to smash the ‘forever’ out of ‘forever chemicals’,Justine Calma,2022/08/18
275,https://www.theverge.com/2022/8/18/23312081/rivian-r1t-r1s-price-increase-explore-package-discontinued,Some Rivian customers aren’t happy the company canceled its most affordable electric truck,Mitchell Clark,2022/08/18
276,https://www.theverge.com/2022/8/18/23311492/big-ten-sports-streaming-deal-peacock-paramount-confusing,The Big Ten’s new deal makes sports streaming rights more confusing than ever,David Pierce,2022/08/18
277,https://www.theverge.com/good-deals/2022/8/18/23309724/microsoft-xbox-series-s-samsung-galaxy-buds-2-oneplus-10t-deal-sale,Microsoft’s adorable Xbox Series S is $50 off at Adorama right now,Alice Newcome-Beill,2022/08/18
278,https://www.theverge.com/2022/8/18/23311438/youtube-shorts-watermark-tiktok-instagram-reels-cross-platform-sharing,All the YouTube Shorts you repost to TikTok will now tell on you,Mia Sato,2022/08/18
279,https://www.theverge.com/2022/8/18/23309465/google-search-updates-reviews-clickbait,Google search updates will prioritize real reviews over clickbait,Jess Weatherbed,2022/08/18
280,https://www.theverge.com/2022/8/18/23311542/snap-pixy-drone-giving-up-four-months,Snap is giving up on its Pixy drone after just four months,Jay Peters,2022/08/18
281,https://www.theverge.com/2022/8/18/23311254/dodge-charger-ev-daytona-srt-concept-muscle-car-exhaust-sound,The Dodge Charger EV’s fake exhaust sound is sure to divide muscle car fans,Andrew J. Hawkins,2022/08/18
282,https://www.theverge.com/2022/8/18/23309439/crypto-com-layoffs-unannounced-july-august-bear-market,Crypto.com laid off 260 employees — then quietly let go of hundreds more,James Vincent,2022/08/18
283,https://www.theverge.com/23309847/bereal-post-delete-how-to,How to delete a BeReal,Monica Chin,2022/08/18
284,https://www.theverge.com/2022/8/18/23311290/apple-top-subscription-podcast-charts-amazon-wondery-smartless,Apple’s new podcast charts show Amazon at the top,Ariel Shapiro,2022/08/18
285,https://www.theverge.com/23311213/inflation-tech-apple-samsung-iphone-sonos-meta-price-increase,"Yes, inflation has come for tech products, too",Dan Seifert,2022/08/18
286,https://www.theverge.com/2022/8/18/23310254/carbon-offset-credits-crypto-tokens-adam-neumann-wework,Crypto can’t fix carbon offsets — but crypto fans are trying anyway  ,Justine Calma,2022/08/18
287,https://www.theverge.com/23310395/samsung-galaxy-watch-5-review-smartwatch-wear-os-3,Samsung Galaxy Watch 5 review: if it only had a better battery,Victoria Song,2022/08/18
288,https://www.theverge.com/2022/8/18/23308445/dell-xps-13-2-in-1-convertible-folio-tablet-keyboard-stylus-features-price,Dell’s new tablet-style XPS 13 will be available next week,Monica Chin,2022/08/18
289,https://www.theverge.com/2022/8/18/23308694/google-employees-petition-abortion-benefits-contractors-alphabet-workers-union,Google employees circulate petition demanding abortion benefits for contractors  ,Zoe Schiffer,2022/08/18
290,https://www.theverge.com/2022/8/18/23310066/dell-pro-webcam-wb5023-2k-qhd-resolution-announcement-price-availability-specs,Dell’s latest webcam delivers 2K resolution and a built-in mic for a lower price,Antonio G. Di Benedetto,2022/08/18
291,https://www.theverge.com/2022/8/18/23310116/motorola-edge-2022-announced-features-specs-price,Motorola’s latest Edge phone aims to be a $499 5G disruptor,Chris Welch,2022/08/18
292,https://www.theverge.com/2022/8/18/23310728/nvidia-geforce-now-chrome-1440p-120fps-upgrade-support,GeForce Now on Chrome is getting a big upgrade to 1440p and 120fps,Tom Warren,2022/08/18
293,https://www.theverge.com/2022/8/18/23311152/cameo-live-celebrity-video-calls-meet-and-greets,Cameo once again asks if you’d like to pay for live video calls with celebs  ,Jon Porter,2022/08/18
294,https://www.theverge.com/2022/8/18/23311202/nintendo-harassment-and-discrimination-claims-investigation,Nintendo is actively investigating reports that its female testers face harassment and discrimination,Jess Weatherbed,2022/08/18
295,https://www.theverge.com/2022/8/18/23309709/oppo-coloros-13-release-date-news-features-supported-devices-find-x5-pro,Oppo’s ColorOS 13 update has a built-in pixelation feature for message screenshots,Jon Porter,2022/08/18
296,https://www.theverge.com/2022/8/18/23311125/spider-man-remastered-pc-port-moddb-nexusmods-pride-flag-removal-banned,Major PC modding sites remove Spider-Man mod that replaces in-game pride flags,Jon Porter,2022/08/18
297,https://www.theverge.com/2022/8/18/23311082/embracer-group-acquisition-lord-of-the-rings-hobbit-limited-run-games-tripwire,Lord of the Rings and Hobbit rights snapped up by Embracer in game buying spree,Tom Warren,2022/08/18
298,https://www.theverge.com/2022/8/17/23310620/wordle-recommended-suggested-starting-word-wordlebot-2-0-slate-crane,Wordle’s upgraded Wordlebot has a new recommended starting word,Jay Peters,2022/08/17
299,https://www.theverge.com/23310457/inflation-reduction-act-ev-tax-credit-act-explainer-how-to,"Yes, the new electric vehicle tax credits are really confusing, but we can help ",Andrew J. Hawkins,2022/08/17
300,https://www.theverge.com/23302947/philips-hue-play-sync-box-gradient-lightstrip-review,"Philips Hue Play sync box and gradient lightstrip review: wholly unnecessary, totally delightful",Brent Rose,2022/08/17
301,https://www.theverge.com/2022/8/17/23309610/ev-tax-credit-inflation-reduction-act-explain-how-to-help,"Yes, the new electric vehicle tax credits are really confusing, but we can help ",Andrew J. Hawkins,2022/08/17
302,https://www.theverge.com/2022/8/17/23309932/facebook-donald-trump-ban-january-6th-twitter-presidential-bid,Facebook won’t rush the review of its Donald Trump ban,Makena Kelly,2022/08/17
303,https://www.theverge.com/2022/8/17/23309796/airbnb-android-users-accidental-test-notification,Airbnb accidentally sent tons of Android users a ‘test’ notification,Emma Roth,2022/08/17
304,https://www.theverge.com/23200646/work-from-home-wfh-guide-remote-youtube-how-to,Desk setup videos have taken over YouTube — and my life,David Pierce,2022/08/17
305,https://www.theverge.com/23307995/facebook-messenger-end-to-end-encryption-how-to,How to encrypt Facebook Messenger chats,Barbara Krasnoff,2022/08/17
306,https://www.theverge.com/good-deals/2022/8/17/23309504/apple-tv-plus-streaming-free-macbook-air-m1-evga-rtx-3070ti-gpu-samsung-neo-g9-monitor-deal-sale,Get three months of Apple TV Plus for free at Best Buy,Antonio G. Di Benedetto,2022/08/17
307,https://www.theverge.com/23303545/wfh-desk-setup-tech-airpods-thunderbolt,"What’s on your desk, Alex Heath? ",Barbara Krasnoff,2022/08/17
308,https://www.theverge.com/2022/8/17/23299874/she-hulk-attorney-at-law-review,"She-Hulk: Attorney at Law is peak uncanny valley, but it works",Charles Pulliam-Moore,2022/08/17
309,https://www.theverge.com/23308459/samsung-galaxy-z-fold-4-review-screen-battery-camera-price,Samsung Galaxy Z Fold 4 review: incremental innovation,Allison Johnson,2022/08/17
310,https://www.theverge.com/2022/8/17/23308612/ev-charging-broken-unreliable-survey-jd-power,Electric vehicle owners are fed up with broken EV chargers and janky software,Andrew J. Hawkins,2022/08/17
311,https://www.theverge.com/2022/8/17/23308680/fluid-one-apple-iphone-uwb-smart-home-system,This Kickstarter project turns an iPhone into your smart home’s magic wand,Jennifer Pattison Tuohy,2022/08/17
312,https://www.theverge.com/2022/8/17/23308917/tiktok-bytedance-midterm-elections-facebook-twitter-instagram,TikTok preps for midterm misinformation chaos,Makena Kelly,2022/08/17
313,https://www.theverge.com/2022/8/17/23309433/airbnb-anti-party-technology-north-america-usa-canada-party-ban,Airbnb is rolling out ‘new anti-party technology’ in North America,Jon Porter,2022/08/17
314,https://www.theverge.com/2022/8/17/23309429/microsoft-windows-11-widgets-notifications-taskbar,Windows 11’s widgets can now trigger notifications on your taskbar,Tom Warren,2022/08/17
315,https://www.theverge.com/2022/8/17/23306570/period-tracking-apps-privacy,"Period and pregnancy tracking apps have bad privacy protections, report finds",Nicole Wetsman,2022/08/17
316,https://www.theverge.com/2022/8/17/23307765/ue-wonderboom-3-ultimate-ears-price-specs-date,New Ultimate Ears Wonderboom 3 still uses Micro USB charging,Jess Weatherbed,2022/08/17
317,https://www.theverge.com/2022/8/17/23308098/logitech-chorus-meta-oculus-quest-2-speakers-headphones-accessory-snap-on,Logitech’s Chorus open-back headphones slide onto the Quest 2,Cameron Faulkner,2022/08/17
318,https://www.theverge.com/2022/8/16/23309024/elon-musk-twitter-lawsuit-bot-spam-kayvon-beykpour,Elon Musk wins access to files from Twitter’s former head of product,Richard Lawler,2022/08/17
319,https://www.theverge.com/2022/8/16/23307975/fitbit-charge-5-outage-fitness-tracker,Fitbit Charge 5 owners struggled to sync devices during widespread outage,Victoria Song,2022/08/16
320,https://www.theverge.com/2022/8/16/23308672/whatsapp-windows-refresh-linked-devices-desktop-meta,Now WhatsApp has a native app on Windows that works standalone,Emma Roth,2022/08/16
321,https://www.theverge.com/2022/8/16/23308851/amazon-warehouse-workers-albany-union-petition-nlrb-alb1,Amazon warehouse workers in Albany have filed to unionize,Jay Peters,2022/08/16
322,https://www.theverge.com/2022/8/16/23308570/podcast-latinos-libsyn-edison-spotify-shakira,Another sign of post-pandemic podcast fatigue,Ariel Shapiro,2022/08/16
323,https://www.theverge.com/2022/8/16/23308514/american-airlines-boom-supersonic-jet-order,American Airlines places order for 20 supersonic jets from Boom Supersonic ,Andrew J. Hawkins,2022/08/16
324,https://www.theverge.com/2022/8/16/23308335/alienware-gaming-monitors-360hz-overclock-25-27-headphone-holder,Alienware’s new high-speed gaming monitors have a place to hang your headphones,Umar Shakir,2022/08/16
325,https://www.theverge.com/2022/8/16/23307953/amazon-jeff-bezos-andy-jassy-ftc-antitrust-investigation,Jeff Bezos and Amazon’s current CEO are fighting FTC attempts to make them testify,Richard Lawler,2022/08/16
326,https://www.theverge.com/good-deals/2022/8/16/23306352/apple-m2-macbook-air-amazon-kindle-echo-show-robot-vacuum-deal-sale,Apple’s new M2-powered MacBook Air is on sale for the first time today,Sheena Vasani,2022/08/16
327,https://www.theverge.com/2022/8/16/23307081/atlantic-hurricane-season-storms-arrive-early,Atlantic hurricane seasons are running ahead of schedule,Justine Calma,2022/08/16
328,https://www.theverge.com/23307449/selena-gomez-rare-beauty-marketing-katie-welch,"How Selena Gomez’s Rare Beauty goes viral, with CMO Katie Welch",Nilay Patel,2022/08/16
329,https://www.theverge.com/2022/8/16/23307990/playstation-pc-launcher-references-spider-man-remastered-rumors,PlayStation PC launcher references spotted in Spider-Man Remastered for PC,Tom Warren,2022/08/16
330,https://www.theverge.com/2022/8/16/23307850/google-maps-results-abortion-clinics-crisis-pregnancy-centers,Google results for abortion clinics are misleading and politically fraught,Emma Roth,2022/08/16
331,https://www.theverge.com/2022/8/16/23307730/google-everyday-robots-project-ai-language-skills-palm-saycan,Google adds AI language skills to Alphabet’s helper robots to better understand humans,James Vincent,2022/08/16
332,https://www.theverge.com/23307298/ford-f-150-lightning-review,"Ford F-150 Lightning review: fast truck, slow computer",Nilay Patel,2022/08/16
333,https://www.theverge.com/23299613/standing-desk-converter-wfh-how-to-cheap,The evolution of my budget standing desk,Barbara Krasnoff,2022/08/16
334,https://www.theverge.com/21280354/best-ipad-deals-apple,Here are the best iPad deals right now,Antonio G. Di Benedetto,2022/08/16
335,https://www.theverge.com/2022/8/16/23306667/best-fantasy-football-apps-websites,The apps and services you need to dominate in fantasy football,David Pierce,2022/08/16
336,https://www.theverge.com/2022/8/16/23306066/curve-flex-twelve-south-macbook-stand-price-date,Twelve South’s MacBook stand folds flat for portability,Jess Weatherbed,2022/08/16
337,https://www.theverge.com/2022/8/16/23306770/lyft-motional-robotaxi-service-las-vegas-hyundai-ev,Lyft and Motional’s all-electric robotaxi service is now live in Las Vegas,Andrew J. Hawkins,2022/08/16
338,https://www.theverge.com/23042939/govee-dreamview-g1-pro-gaming-light-review-specs-price,This monitor light is a slick way to bathe your gaming space in color,Antonio G. Di Benedetto,2022/08/16
339,https://www.theverge.com/2022/8/16/23307808/xiaomi-cyberone-humanoid-robot-tesla-optimus-bot-specs-comparison,Xiaomi’s CyberOne robot shows us what to expect from Tesla’s promised Optimus bot,James Vincent,2022/08/16
340,https://www.theverge.com/2022/8/16/23307804/spotify-podcast-reactions-playlists-vietnam-test,Spotify tries asking users to record audio reactions to music playlists ,Jon Porter,2022/08/16
341,https://www.theverge.com/2022/8/16/23306656/polestar-o2-concept-polestar-6-production-2026,"Polestar’s O2 concept will become the Polestar 6 electric roadster, due out 2026",Andrew J. Hawkins,2022/08/16
342,https://www.theverge.com/2022/8/16/23307742/microsoft-dev-box-preview-cloud-workstations,Microsoft Dev Box now ready for developers to try cloud-powered workstations,Tom Warren,2022/08/16
343,https://www.theverge.com/2022/8/16/23307739/hyper-hyperjuice-245w-gan-desktop-charger-usb-c-battery-pack,Hyper’s 245W charger and battery pack now available to all,Jon Porter,2022/08/16
344,https://www.theverge.com/2022/8/16/23307300/fortnite-dragon-ball-event-island-collaboration-crossover-goku-vegeta,Goku is flying into Fortnite in an epic Dragon Ball event,Jay Peters,2022/08/16
345,https://www.theverge.com/2022/8/15/23307268/apple-hybrid-working-model-return-to-office-september,Apple employees will return to the office in September under hybrid model,Jay Peters,2022/08/15
346,https://www.theverge.com/2022/8/15/23307162/windows-11-chrome-default-browser-one-click-22h2,Windows 10 and Chrome are about to make switching default browsers even less painful,Sean Hollister,2022/08/15
347,https://www.theverge.com/2022/8/15/23306650/def-con-hacker-john-deere-tractors-run-doom-right-to-repair,Def Con hacker shows John Deere’s tractors can run Doom,Emma Roth,2022/08/15
348,https://www.theverge.com/featured-story,The Verge’s 2022 back-to-school gift guide,Alice Newcome-Beill,2022/08/15
349,https://www.theverge.com/2022/8/15/23306798/android-13-roll-back-android-12-pixel-6-tensor-bootloader,You can’t revert from Android 13 to Android 12 on Pixel 6 devices,Jay Peters,2022/08/15
350,https://www.theverge.com/2022/8/15/23307055/walmart-plus-subscribers-free-streaming-content-paramount-plus-amazon-prime,Walmart Plus subscribers are about to get a lot of streaming content for free,Alex Cranz,2022/08/15
351,https://www.theverge.com/2022/8/15/23306349/three-arrows-capital-3ac-collapse-kyle-davies-su-zhu-cryptocurrency,$150 million ‘Much Wow’ yacht left behind by crypto hedge fund’s collapse ,Emma Roth,2022/08/15
352,https://www.theverge.com/21302051/best-apple-airpods-deals,Here are the best AirPods deals you can get right now,Sheena Vasani,2022/08/15
353,https://www.theverge.com/2022/8/15/23306417/ev-tax-credit-binding-contract-electric-vehicle,"Buying an EV is about to be a pain in the ass, thanks to stricter tax credits",Andrew J. Hawkins,2022/08/15
354,https://www.theverge.com/23306308/devialet-dione-soundbar-review,Devialet Dione soundbar review: brilliant bass for an exorbitant price,Chris Welch,2022/08/15
355,https://www.theverge.com/22399419/apple-macbook-air-pro-mac-mini-imac-deals,The best deals on MacBooks right now,Antonio G. Di Benedetto,2022/08/15
356,https://www.theverge.com/2022/8/15/23306268/snapchat-plus-subscription-one-million-users-new-features,Snapchat’s paid subscription is already a hit,Mia Sato,2022/08/15
357,https://www.theverge.com/2022/8/12/23303411/zoom-defcon-root-access-privilege-escalation-hack-patrick-wardle,The Zoom installer let a researcher hack his way to root access on macOS,Corin Faife,2022/08/15
358,https://www.theverge.com/2022/8/15/23306197/wework-adam-neumann-andreesen-horowitz-flow-real-estate,WeWork co-founder lines up $350 million A16Z investment for a new billion-dollar real estate venture,Emma Roth,2022/08/15
359,https://www.theverge.com/2022/8/15/23200176/history-of-ao3-archive-of-our-own-fanfiction,Archive of Our Own’s 15-year journey from blog post to fanfiction powerhouse,Jay Castello,2022/08/15
360,https://www.theverge.com/2022/8/15/23306260/uber-eats-office-depot-delivery-school-supplies,Uber Eats teams up with Office Depot for on-demand school supplies,Andrew J. Hawkins,2022/08/15
361,https://www.theverge.com/23292407/samsung-odyssey-ark-gaming-monitor-55-inch-hands-on-demo-experience,"Samsung’s $3,500 Odyssey Ark is a raft of a gaming display",Cameron Faulkner,2022/08/15
362,https://www.theverge.com/good-deals/2022/8/15/23306130/google-pixel-6-pro-mario-kart-8-nintendo-switch-gigabyte-aero-gaming-laptop-deal-sale,Google’s Pixel 6 Pro is more affordable than ever at $649,Cameron Faulkner,2022/08/15
363,https://www.theverge.com/2022/8/15/23306160/intel-directx-9-support-emulation-direct-x-12,Intel turns to emulation for DirectX 9 games after ditching native support,Jess Weatherbed,2022/08/15
364,https://www.theverge.com/23303084/asus-zenbook-13-s-oled-2022-review-ryzen-6000-specs-features-price,Asus Zenbook S 13 OLED review: the MacBook Air alternative,Monica Chin,2022/08/15
365,https://www.theverge.com/23303022/how-to-stream-nest-security-camera-doorbell-chromecast-google-tv,How to stream your Nest security cameras to your TV using a Google Chromecast,Jennifer Pattison Tuohy,2022/08/15
366,https://www.theverge.com/2022/8/15/23306101/tiktok-ai-greenscreen-filter-text-to-image-mainstream,TikTok now offers a very basic text-to-image AI generator directly in the app,James Vincent,2022/08/15
367,https://www.theverge.com/2022/8/15/23306068/microsoft-xbox-one-sales-lifetime-versus-ps4-sales,Microsoft finally admits Xbox One sales were less than half of the PS4,Tom Warren,2022/08/15
368,https://www.theverge.com/2022/8/14/23305548/zoom-update-macos-fix-dangerous-security-flaw-hackers,Zoom’s latest update on Mac includes a fix for a dangerous security flaw,Emma Roth,2022/08/14
369,https://www.theverge.com/2022/8/14/23305354/reddit-partners-ftx-cryptocurrency-exchange-community-points-sam-bankman-fried-sbf,Reddit partners with crypto exchange FTX to help users manage community points,Emma Roth,2022/08/14
370,https://www.theverge.com/2022/8/14/23305200/iphone-more-ads-advertising-apple-maps-podcasts-books-mark-gurman-rumors,Your iPhone may soon have more ads,Emma Roth,2022/08/14
371,https://www.theverge.com/2022/8/14/23303392/halo-combat-evolved-system-link-xbox-multiplayer-still-holds-up,Halo system link still holds up more than 20 years later,Jay Peters,2022/08/14
372,https://www.theverge.com/2022/8/13/23304250/elon-musk-pitch-magazine-china-cyberspace-cac-censorship-agency-tesla-spacex-neuralink,Elon Musk pitches lofty goals in a magazine run by China’s internet censorship agency,Emma Roth,2022/08/13
373,https://www.theverge.com/2022/8/13/23304267/uber-shutting-down-rewards-loyalty-program-this-year-one-subscription,Uber is shutting down its free loyalty program later this year,Emma Roth,2022/08/13
374,https://www.theverge.com/2022/8/13/23300237/dceu-ezra-miller-the-flashbatgirl-black-adam-david-zaslav,The DCEU has become a crisis of Warner Bros.’ own making,Charles Pulliam-Moore,2022/08/13
375,https://www.theverge.com/good-deals/2022/8/13/23302903/irobot-roomba-j7-robot-vacuum-i3-plus-evo-lg-c2-oled-marvels-spiderman-remastered-deal-sale,iRobot’s poop-avoiding Roomba j7 vacuum is on sale for $200 off today,Sheena Vasani,2022/08/13
